{"cameraMode":{"drawMode":0,"name":"Shaded","section":"Shading Mode"},"sceneLighting":true,"audioPlay":false,"sceneViewState":{"showFog":true,"showMaterialUpdate":false,"showSkybox":true,"showFlares":true,"showImageEffects":true,"showParticleSystems":true},"in2DMode":false,"pivot":{"x":0.036667823791503909,"y":1.1460505723953248,"z":6.50557804107666},"rotation":{"x":-0.34978073835372927,"y":-0.2009286731481552,"z":0.07708103954792023,"w":-0.9117795825004578},"size":3.866024971008301,"orthographic":false}