{"cameraMode":{"drawMode":0,"name":"Shaded","section":"Shading Mode"},"sceneLighting":false,"audioPlay":false,"sceneViewState":{"showFog":true,"showMaterialUpdate":false,"showSkybox":false,"showFlares":true,"showImageEffects":true,"showParticleSystems":true},"in2DMode":false,"pivot":{"x":-0.5441554188728333,"y":0.006084874272346497,"z":0.7128607630729675},"rotation":{"x":-0.11590218544006348,"y":0.13870108127593995,"z":-0.01633444055914879,"w":-0.9834547638893127},"size":0.1400385946035385,"orthographic":false}