{"cameraMode":{"drawMode":0,"name":"Shaded","section":"Shading Mode"},"sceneLighting":true,"audioPlay":false,"sceneViewState":{"showFog":true,"showMaterialUpdate":false,"showSkybox":true,"showFlares":true,"showImageEffects":true,"showParticleSystems":true},"in2DMode":false,"pivot":{"x":0.54288649559021,"y":0.5528841018676758,"z":2.1003258228302},"rotation":{"x":-0.1681445986032486,"y":-0.45418980717658999,"z":0.08773060888051987,"w":-0.8704935908317566},"size":1.9458491802215577,"orthographic":false}