{"cameraMode":{"drawMode":0,"name":"Shaded","section":"Shading Mode"},"sceneLighting":true,"audioPlay":false,"sceneViewState":{"showFog":true,"showMaterialUpdate":false,"showSkybox":true,"showFlares":true,"showImageEffects":true,"showParticleSystems":true},"in2DMode":false,"pivot":{"x":-1.3787164688110352,"y":1.4187737703323365,"z":2.1207895278930666},"rotation":{"x":-0.17608614265918733,"y":0.058161407709121707,"z":-0.010416672565042973,"w":-0.9826682806015015},"size":3.5568478107452394,"orthographic":false}