{"cameraMode":{"drawMode":0,"name":"Shaded","section":"Shading Mode"},"sceneLighting":true,"audioPlay":false,"sceneViewState":{"showFog":true,"showMaterialUpdate":false,"showSkybox":true,"showFlares":true,"showImageEffects":true,"showParticleSystems":true},"in2DMode":false,"pivot":{"x":0.4612177610397339,"y":1.508880376815796,"z":0.4164593815803528},"rotation":{"x":0.2956146001815796,"y":0.2608320415019989,"z":-0.08391590416431427,"w":0.9153052568435669},"size":0.90739506483078,"orthographic":false}