{"cameraMode":{"drawMode":0,"name":"Shaded","section":"Shading Mode"},"sceneLighting":true,"audioPlay":false,"sceneViewState":{"showFog":true,"showMaterialUpdate":false,"showSkybox":true,"showFlares":true,"showImageEffects":true,"showParticleSystems":true},"in2DMode":false,"pivot":{"x":-0.13413360714912415,"y":1.8599061965942383,"z":4.277103424072266},"rotation":{"x":0.12951107323169709,"y":-0.019334577023983,"z":0.0025260651018470527,"w":0.9914059042930603},"size":0.5232828855514526,"orthographic":false}